{
  "Typography": {
    "heading_font": {"label": "Heading Font", "type": "font", "default": "Poppins"},
    "body_font": {"label": "Body Font", "type": "font", "default": "Inter"},
    "font_scale": {"label": "Font Scale (%)", "type": "range", "min": 80, "max": 140, "default": 100}
  },
  "Colors": {
    "color_primary": {"label": "Primary Color", "type": "color", "default": "#000000"},
    "color_accent": {"label": "Accent Color", "type": "color", "default": "#4B0082"}
  },
  "Buttons": {
    "button_radius": {"label": "Button Radius", "type": "range", "min": 0, "max": 20, "default": 4},
    "button_shadow": {"label": "Enable Shadow", "type": "checkbox", "default": true}
  }
,
  "Header": {
    "logo": {"label": "Logo Image", "type": "image_picker", "default": "/themes/default/assets/images/logo.png"},
    "navigation_style": {"label": "Navigation Style", "type": "select", "options": ["inline","centered","drawer"], "default": "inline"}
  },
  "Footer": {
    "show_newsletter": {"label": "Show Newsletter Form", "type": "checkbox", "default": true},
    "copyright_text": {"label": "Copyright Text", "type": "text", "default": "© 2025 Midnight Store"}
  }
}
