{
  "sections": {
    "breadcrumbs": {
      "type": "breadcrumbs",
      "settings": {}
    },
    "collection_list": {
      "type": "collection-list",
      "settings": {}
    },
    "featured_collection": {
      "type": "featured-collection",
      "settings": {}
    },
    "product_grid": {
      "type": "product-grid",
      "settings": {}
    },
    "newsletter": {
      "type": "newsletter",
      "settings": {}
    }
  },
  "order": [
    "breadcrumbs",
    "collection_list",
    "featured_collection",
    "product_grid",
    "newsletter"
  ]
}
