{
    "sections": {
        "testimonial-slider-mcqduy9a-aq0jhargbb6": {
            "type": "testimonial-slider",
            "settings": {
                "title": "Loved by Thousands"
            },
            "blocks": []
        },
        "featured-collection-mcqduy9b-mkgt0qi5ca": {
            "type": "featured-collection",
            "settings": {
                "collection_id": "1",
                "title": "Handpicked Favorites",
                "heading": "hi this for test "
            },
            "blocks": []
        },
        "newsletter-mcqduy9b-n4gxauxqee": {
            "type": "newsletter",
            "settings": {
                "heading": "Stay in Touch",
                "placeholder": "Enter your email"
            },
            "blocks": []
        },
        "recently-viewed-mcqduy9b-hhh47s7bpwr": {
            "type": "recently-viewed",
            "settings": [],
            "blocks": []
        },
        "video-banner-mcqduy9b-67bctf9maqc": {
            "type": "video-banner",
            "settings": {
                "heading_text": "oihoir",
                "subheading_text": "rege",
                "badge_text": "rege",
                "show_badge": true,
                "secondary_text": "g",
                "background_type": "undefined"
            },
            "blocks": []
        },
        "promo-grid-mcqduy9b-it1dm2rgnfs": {
            "type": "promo-grid",
            "settings": {
                "heading": "Featured Promotions",
                "subheading": "",
                "promos": [
                    {
                        "image": "/assets/promo1.jpg",
                        "title": "Summer Essentials",
                        "subtext": "Up to 40% off",
                        "link": "/collections/summer"
                    },
                    {
                        "image": "/assets/promo2.jpg",
                        "title": "Sterling Rings",
                        "subtext": "Shop handcrafted designs",
                        "link": "/collections/rings"
                    }
                ]
            },
            "blocks": []
        },
        "popup-mcqduy9b-bjjjt2tx9a": {
            "type": "popup",
            "settings": {
                "heading": "Get 10% Off!",
                "subheading": "Subscribe and receive a 10% coupon.",
                "delay_seconds": 3,
                "background_color": "#ffffff",
                "text_color": "#000000"
            },
            "blocks": []
        },
        "hero-banner-mcqduy9b-cf2dsv4708d": {
            "type": "hero-banner",
            "settings": {
                "background_image": "",
                "heading": "Your Hero Heading",
                "subheading": "Your supporting text or tagline goes here.",
                "button_text": "Shop Now",
                "button_link": "#",
                "text_color": "#ffffff",
                "text_align": "center",
                "overlay_color": "rgba(0, 0, 0, 0.4)",
                "height": "600px"
            },
            "blocks": []
        },
        "featured-product-mcqdvsel-9z5i8s7gnzq": {
            "type": "featured-product",
            "settings": {
                "product": "1",
                "show_price": true,
                "show_add_to_cart": true
            },
            "blocks": []
        }
    },
    "order": [
        "testimonial-slider-mcqduy9a-aq0jhargbb6",
        "featured-collection-mcqduy9b-mkgt0qi5ca",
        "newsletter-mcqduy9b-n4gxauxqee",
        "recently-viewed-mcqduy9b-hhh47s7bpwr",
        "video-banner-mcqduy9b-67bctf9maqc",
        "promo-grid-mcqduy9b-it1dm2rgnfs",
        "popup-mcqduy9b-bjjjt2tx9a",
        "hero-banner-mcqduy9b-cf2dsv4708d",
        "featured-product-mcqdvsel-9z5i8s7gnzq"
    ]
}