{
    "sections": {
        "testimonial-slider-mculk1qk-8pyvveghnlf": {
            "type": "testimonial-slider",
            "settings": {
                "title": "Loved by Thousands"
            },
            "blocks": []
        },
        "featured-collection-mculk1qk-2oaycdbm469": {
            "type": "featured-collection",
            "settings": {
                "collection_id": "1",
                "title": "Handpicked Favorites",
                "heading": "hi this for test ",
                "max_products": "15"
            },
            "blocks": []
        },
        "newsletter-mculk1qk-qozet62ba1f": {
            "type": "newsletter",
            "settings": {
                "heading": "Stay in Touch",
                "placeholder": "Enter your email"
            },
            "blocks": []
        },
        "recently-viewed-mculk1qk-ugjaqahs47e": {
            "type": "recently-viewed",
            "settings": [],
            "blocks": []
        },
        "video-banner-mculk1qk-a5u16oe6uwc": {
            "type": "video-banner",
            "settings": {
                "heading_text": "oihoir",
                "subheading_text": "rege",
                "badge_text": "rege",
                "show_badge": true,
                "secondary_text": "g",
                "background_type": "undefined"
            },
            "blocks": []
        },
        "promo-grid-mculk1qk-bmdaw7c88kd": {
            "type": "promo-grid",
            "settings": {
                "heading": "Featured Promotions",
                "subheading": "",
                "promos": [
                    {
                        "image": "/assets/promo1.jpg",
                        "title": "Summer Essentials",
                        "subtext": "Up to 40% off",
                        "link": "/collections/summer"
                    },
                    {
                        "image": "/assets/promo2.jpg",
                        "title": "Sterling Rings",
                        "subtext": "Shop handcrafted designs",
                        "link": "/collections/rings"
                    }
                ]
            },
            "blocks": []
        },
        "popup-mculk1qk-9lxdiwzmc9f": {
            "type": "popup",
            "settings": {
                "heading": "Get 10% Off!",
                "subheading": "Subscribe and receive a 10% coupon.",
                "delay_seconds": 3,
                "background_color": "#ffffff",
                "text_color": "#000000"
            },
            "blocks": []
        },
        "hero-banner-mculk1qk-fcgsuphxa6w": {
            "type": "hero-banner",
            "settings": {
                "background_image": "",
                "heading": "Your Hero Heading",
                "subheading": "Your supporting text or tagline goes here.",
                "button_text": "Shop Now",
                "button_link": "#",
                "text_color": "#ffffff",
                "text_align": "center",
                "overlay_color": "rgba(0, 0, 0, 0.4)",
                "height": "600px"
            },
            "blocks": []
        },
        "featured-product-mculk1qk-6mu4pwshqkw": {
            "type": "featured-product",
            "settings": {
                "product": "1",
                "show_price": true,
                "show_add_to_cart": true
            },
            "blocks": []
        },
        "announcement-bar-mculjid1-xso3tteep1": {
            "type": "announcement-bar",
            "settings": {
                "color_scheme": "scheme-4",
                "show_line_separator": true,
                "show_social": false,
                "auto_rotate": false,
                "change_slides_speed": 5,
                "enable_country_selector": false,
                "enable_language_selector": false,
                "tiles": ""
            },
            "blocks": []
        }
    },
    "order": [
        "testimonial-slider-mculk1qk-8pyvveghnlf",
        "featured-collection-mculk1qk-2oaycdbm469",
        "newsletter-mculk1qk-qozet62ba1f",
        "recently-viewed-mculk1qk-ugjaqahs47e",
        "video-banner-mculk1qk-a5u16oe6uwc",
        "promo-grid-mculk1qk-bmdaw7c88kd",
        "popup-mculk1qk-9lxdiwzmc9f",
        "hero-banner-mculk1qk-fcgsuphxa6w",
        "featured-product-mculk1qk-6mu4pwshqkw",
        "announcement-bar-mculjid1-xso3tteep1"
    ]
}