{
    "sections": {
        "testimonial-slider-mcr6myrb-5zoc3cjjf56": {
            "type": "testimonial-slider",
            "settings": {
                "title": "Loved by Thousands"
            },
            "blocks": []
        },
        "featured-collection-mcr6myrb-4icfr1mnqv": {
            "type": "featured-collection",
            "settings": {
                "collection_id": "1",
                "title": "Handpicked Favorites",
                "heading": "hi this for test ",
                "max_products": "35"
            },
            "blocks": []
        },
        "newsletter-mcr6myrb-f0mtc20zuc9": {
            "type": "newsletter",
            "settings": {
                "heading": "Stay in Touch",
                "placeholder": "Enter your email"
            },
            "blocks": []
        },
        "recently-viewed-mcr6myrb-wjl1h2b50xn": {
            "type": "recently-viewed",
            "settings": [],
            "blocks": []
        },
        "video-banner-mcr6myrb-lo6o8jzi3gc": {
            "type": "video-banner",
            "settings": {
                "heading_text": "oihoir",
                "subheading_text": "rege",
                "badge_text": "rege",
                "show_badge": true,
                "secondary_text": "g",
                "background_type": "undefined"
            },
            "blocks": []
        },
        "promo-grid-mcr6myrb-bvwxxf6wbfb": {
            "type": "promo-grid",
            "settings": {
                "heading": "Featured Promotions",
                "subheading": "",
                "promos": [
                    {
                        "image": "/assets/promo1.jpg",
                        "title": "Summer Essentials",
                        "subtext": "Up to 40% off",
                        "link": "/collections/summer"
                    },
                    {
                        "image": "/assets/promo2.jpg",
                        "title": "Sterling Rings",
                        "subtext": "Shop handcrafted designs",
                        "link": "/collections/rings"
                    }
                ]
            },
            "blocks": []
        },
        "popup-mcr6myrb-y1p3heq7ib8": {
            "type": "popup",
            "settings": {
                "heading": "Get 10% Off!",
                "subheading": "Subscribe and receive a 10% coupon.",
                "delay_seconds": 3,
                "background_color": "#ffffff",
                "text_color": "#000000"
            },
            "blocks": []
        },
        "hero-banner-mcr6myrb-yk1uxi0zzq": {
            "type": "hero-banner",
            "settings": {
                "background_image": "",
                "heading": "Your Hero Heading",
                "subheading": "Your supporting text or tagline goes here.",
                "button_text": "Shop Now",
                "button_link": "#",
                "text_color": "#ffffff",
                "text_align": "center",
                "overlay_color": "rgba(0, 0, 0, 0.4)",
                "height": "600px"
            },
            "blocks": []
        },
        "featured-product-mcr6myrb-vcfou415nvb": {
            "type": "featured-product",
            "settings": {
                "product": "1",
                "show_price": true,
                "show_add_to_cart": true
            },
            "blocks": []
        }
    },
    "order": [
        "testimonial-slider-mcr6myrb-5zoc3cjjf56",
        "featured-collection-mcr6myrb-4icfr1mnqv",
        "newsletter-mcr6myrb-f0mtc20zuc9",
        "recently-viewed-mcr6myrb-wjl1h2b50xn",
        "video-banner-mcr6myrb-lo6o8jzi3gc",
        "promo-grid-mcr6myrb-bvwxxf6wbfb",
        "popup-mcr6myrb-y1p3heq7ib8",
        "hero-banner-mcr6myrb-yk1uxi0zzq",
        "featured-product-mcr6myrb-vcfou415nvb"
    ]
}