{
    "sections": {
        "testimonial-slider-md7rbzzl-2l0nbu29x06": {
            "type": "testimonial-slider",
            "settings": {
                "title": "Loved by Thousands",
                "heading": "thjdojsdjopwkp[we",
                "testimonials": "xyz ",
                "stylePreset": "dark"
            },
            "blocks": []
        },
        "featured-collection-md7rbzzl-27is0h03bl8": {
            "type": "featured-collection",
            "settings": {
                "collection_id": "1",
                "title": "Handpicked Favorites",
                "heading": "hi this for test ",
                "max_products": "15"
            },
            "blocks": []
        },
        "newsletter-md7rbzzl-z8bt4qwia6k": {
            "type": "newsletter",
            "settings": {
                "heading": "Stay in Touch",
                "placeholder": "Enter your email"
            },
            "blocks": []
        },
        "recently-viewed-md7rbzzl-3kpjq19a2g4": {
            "type": "recently-viewed",
            "settings": [],
            "blocks": []
        },
        "video-banner-md7rbzzl-ebm2la6ywdg": {
            "type": "video-banner",
            "settings": {
                "heading_text": "oihoir",
                "subheading_text": "rege",
                "badge_text": "rege",
                "show_badge": true,
                "secondary_text": "g",
                "background_type": "undefined"
            },
            "blocks": []
        },
        "promo-grid-md7rbzzl-qog42bbeqn": {
            "type": "promo-grid",
            "settings": {
                "heading": "Featured Promotions",
                "subheading": "",
                "promos": [
                    {
                        "image": "/assets/promo1.jpg",
                        "title": "Summer Essentials",
                        "subtext": "Up to 40% off",
                        "link": "/collections/summer"
                    },
                    {
                        "image": "/assets/promo2.jpg",
                        "title": "Sterling Rings",
                        "subtext": "Shop handcrafted designs",
                        "link": "/collections/rings"
                    }
                ]
            },
            "blocks": [
                {
                    "type": "promo",
                    "settings": {
                        "image": "",
                        "title": "ew",
                        "subtitle": "",
                        "link": ""
                    }
                },
                {
                    "type": "promo",
                    "settings": {
                        "image": "",
                        "title": "iudsh",
                        "subtitle": "",
                        "link": ""
                    }
                },
                {
                    "type": "promo",
                    "settings": {
                        "image": "",
                        "title": "wew",
                        "subtitle": "ddsa",
                        "link": ""
                    }
                }
            ]
        },
        "popup-md7rbzzl-pzvg9o6ifl": {
            "type": "popup",
            "settings": {
                "heading": "Get 10% Off!",
                "subheading": "Subscribe and receive a 10% coupon.",
                "delay_seconds": 3,
                "background_color": "#ffffff",
                "text_color": "#000000"
            },
            "blocks": [
                {
                    "type": "popup",
                    "settings": {
                        "heading": "test2iyu3rhed",
                        "image": "",
                        "text": "",
                        "cta": ""
                    }
                },
                {
                    "type": "popup",
                    "settings": {
                        "heading": "test",
                        "image": "",
                        "text": "",
                        "cta": ""
                    }
                }
            ]
        },
        "blog-posts-md7rbzzl-volltqdifc": {
            "type": "blog-posts",
            "settings": {
                "heading": "Latest Articles",
                "subheading": "",
                "max_posts": 3,
                "show_excerpt": true,
                "show_date": true,
                "text_align": "center"
            },
            "blocks": []
        },
        "hero-banner-md7rbzzl-q0niphuduza": {
            "type": "hero-banner",
            "settings": {
                "background_image": "C:\\fakepath\\frame .png",
                "heading": "Your Hero Heading",
                "subheading": "Your supporting text or tagline goes here.",
                "button_text": "Shop Now",
                "button_link": "#",
                "text_color": "#ffffff",
                "text_align": "center",
                "overlay_color": "rgba(0, 0, 0, 0.4)",
                "height": "600px"
            },
            "blocks": [
                {
                    "type": "button",
                    "settings": {
                        "button_text": "Shop Now",
                        "button_link": "#"
                    }
                },
                {
                    "type": "button",
                    "settings": {
                        "button_text": "Shop Nowdfer",
                        "button_link": "#"
                    }
                }
            ]
        },
        "featured-product-md7rbzzl-9emn05ijkm4": {
            "type": "featured-product",
            "settings": {
                "product": "1",
                "show_price": true,
                "show_add_to_cart": true
            },
            "blocks": []
        },
        "announcement-bar-md7rbzzl-49sddiz0n5a": {
            "type": "announcement-bar",
            "settings": {
                "animation_type": "horizontal",
                "animation_speed": 10,
                "animation_direction": "left",
                "background_color": "#000000",
                "text_color": "#ffffff",
                "font_size": "1rem",
                "font_weight": "600",
                "padding": "10px 1rem"
            },
            "blocks": [
                {
                    "type": "tile",
                    "settings": {
                        "text": "Welcome to our store!",
                        "link": "#",
                        "background_color": "#000000",
                        "dismissible": false,
                        "text_color": "#ffffff",
                        "padding": "0 1rem",
                        "font_size": "1rem",
                        "font_weight": "600"
                    }
                },
                {
                    "type": "tile",
                    "settings": {
                        "text": "test ",
                        "link": "#",
                        "background_color": "#000000",
                        "dismissible": false,
                        "text_color": "#ffffff",
                        "padding": "0 1rem",
                        "font_size": "1rem",
                        "font_weight": "600"
                    }
                },
                {
                    "type": "tile",
                    "settings": {
                        "text": "xyz",
                        "link": "#",
                        "background_color": "#000000",
                        "dismissible": false,
                        "text_color": "#ffffff",
                        "padding": "0 1rem",
                        "font_size": "1rem",
                        "font_weight": "600"
                    }
                }
            ]
        }
    },
    "order": [
        "testimonial-slider-md7rbzzl-2l0nbu29x06",
        "featured-collection-md7rbzzl-27is0h03bl8",
        "newsletter-md7rbzzl-z8bt4qwia6k",
        "recently-viewed-md7rbzzl-3kpjq19a2g4",
        "video-banner-md7rbzzl-ebm2la6ywdg",
        "promo-grid-md7rbzzl-qog42bbeqn",
        "popup-md7rbzzl-pzvg9o6ifl",
        "blog-posts-md7rbzzl-volltqdifc",
        "hero-banner-md7rbzzl-q0niphuduza",
        "featured-product-md7rbzzl-9emn05ijkm4",
        "announcement-bar-md7rbzzl-49sddiz0n5a"
    ]
}