{
  "name": "Cart Items",
  "settings": [
    {
      "type": "select",
      "id": "text_align",
      "label": "Text Alignment",
      "default": "left",
      "options": [
        { "value": "left", "label": "Left" },
        { "value": "center", "label": "Center" },
        { "value": "right", "label": "Right" }
      ]
    },
    {
      "type": "checkbox",
      "id": "show_image",
      "label": "Show Product Image",
      "default": true
    },
    {
      "type": "text",
      "id": "currency",
      "label": "Currency Symbol",
      "default": "₹"
    }
  ]
}
