{
  "name": "Promo Grid",
  "settings": [
    {
      "type": "text",
      "id": "heading",
      "label": "Section Heading",
      "default": "Featured Promotions"
    },
    {
      "type": "textarea",
      "id": "subheading",
      "label": "Subheading",
      "default": ""
    },
    {
      "type": "list",
      "id": "promos",
      "label": "Promo Tiles",
      "item": {
        "type": "object",
        "properties": [
          { "type": "image", "id": "image", "label": "Background Image" },
          { "type": "text", "id": "title", "label": "Title" },
          { "type": "textarea", "id": "subtext", "label": "Subtext" },
          { "type": "url", "id": "link", "label": "Link URL" }
        ]
      },
      "default": [
        {
          "image": "/assets/promo1.jpg",
          "title": "Summer Essentials",
          "subtext": "Up to 40% off",
          "link": "/collections/summer"
        },
        {
          "image": "/assets/promo2.jpg",
          "title": "Sterling Rings",
          "subtext": "Shop handcrafted designs",
          "link": "/collections/rings"
        }
      ]
    }
  ]
}
