{
  "name": "Blog Posts",
  "settings": [
    {
      "type": "text",
      "id": "heading",
      "label": "Section Heading",
      "default": "Latest Articles"
    },
    {
      "type": "textarea",
      "id": "subheading",
      "label": "Subheading Text",
      "default": ""
    },
    {
      "type": "number",
      "id": "max_posts",
      "label": "Number of Posts to Show",
      "min": 1,
      "max": 10,
      "default": 3
    },
    {
      "type": "checkbox",
      "id": "show_excerpt",
      "label": "Show Excerpt",
      "default": true
    },
    {
      "type": "checkbox",
      "id": "show_date",
      "label": "Show Publish Date",
      "default": true
    },
    {
      "type": "select",
      "id": "text_align",
      "label": "Text Alignment",
      "default": "center",
      "options": [
        { "value": "left", "label": "Left" },
        { "value": "center", "label": "Center" },
        { "value": "right", "label": "Right" }
      ]
    }
  ]
}
