{
  "name": "Featured Collection",
  "settings": [
    { "type": "text", "id": "heading", "label": "Heading", "default": "Featured Collection" },
    { "type": "collection_select", "id": "collection_id", "label": "Collection", "default": "" },
    { "type": "range", "id": "max_products", "label": "Max Products to Display", "min": 1, "max": 20, "step": 1, "default": 8 },
    { "type": "checkbox", "id": "show_prices", "label": "Show Prices", "default": true },
    { "type": "checkbox", "id": "show_cta_button", "label": "Show CTA Button", "default": false },
    { "type": "text", "id": "cta_text", "label": "CTA Button Text", "default": "View All" }
  ]
}
