{
  "name": "Icon List",
  "settings": [
    { "type": "text", "id": "heading", "label": "Heading", "default": "Why Shop With Us" },
      {
        "type": "list",
        "id": "icons",
        "label": "Icons",
        "item": {
          "type": "object",
          "properties": [
            { "type": "image", "id": "image", "label": "Icon Image" },
            { "type": "text", "id": "label", "label": "Label" }
          ]
        }
      }
    ],
    "blocks": [
      {
        "type": "icon",
        "name": "Icon",
        "settings": [
          { "type": "image", "id": "icon", "label": "Icon" },
          { "type": "text", "id": "title", "label": "Title" },
          { "type": "textarea", "id": "description", "label": "Description" }
        ]
      }
    ],
    "max_blocks": 5
  }
