{
  "name": "Product Tabs",
  "settings": [
    {
      "type": "list",
      "id": "tabs",
      "label": "Tabs",
      "item": {
        "type": "object",
        "properties": [
          { "type": "text", "id": "label", "label": "Tab Label" },
          { "type": "richtext", "id": "content", "label": "Tab Content" }
        ]
      },
      "default": [
        {
          "label": "Description",
          "content": "<p>This is the product description.</p>"
        },
        {
          "label": "Shipping Info",
          "content": "<p>Delivery within 3–5 days across India.</p>"
        },
        {
          "label": "Returns",
          "content": "<p>7-day return policy. No questions asked.</p>"
        }
      ]
    }
  ],
  "blocks": [
    {
      "type": "tab",
      "name": "Tab",
      "settings": [
        { "type": "text", "id": "tab_title", "label": "Tab Title" },
        { "type": "richtext", "id": "content", "label": "Content" }
      ]
    }
  ],
  "max_blocks": 5
}
