{
  "name": "Quick Links",
  "settings": [
    {
      "type": "text",
      "id": "heading",
      "label": "Section Heading",
      "default": "Quick Links"
    },
    {
      "type": "select",
      "id": "layout",
      "label": "Layout Style",
      "default": "inline",
      "options": [
        { "value": "inline", "label": "Inline Row" },
        { "value": "grid", "label": "Grid Layout" }
      ]
    },
    {
      "type": "list",
      "id": "links",
      "label": "Link Items",
      "item": {
        "type": "object",
        "properties": [
          { "type": "text", "id": "label", "label": "Label" },
          { "type": "image", "id": "icon", "label": "Icon" },
          { "type": "url", "id": "url", "label": "Link URL" }
        ]
      },
      "default": [
        {
          "label": "Returns",
          "icon": "/assets/icons/return.svg",
          "url": "/policies/returns"
        },
        {
          "label": "Shipping",
          "icon": "/assets/icons/shipping.svg",
          "url": "/policies/shipping"
        },
        {
          "label": "Support",
          "icon": "/assets/icons/support.svg",
          "url": "/contact"
        }
      ]
    }
  ],
  "blocks": [
    {
      "type": "link",
      "name": "Link",
      "settings": [
        { "type": "text", "id": "label", "label": "Label" },
        { "type": "image", "id": "icon", "label": "Icon" },
        { "type": "url", "id": "link", "label": "Link" }
      ]
    }
  ],
  "max_blocks": 6
}
