{
  "name": "Rich Text",
  "settings": [
    {
      "type": "text",
      "id": "title",
      "label": "Heading",
      "default": "Tell your brand story"
    },
    {
      "type": "richtext",
      "id": "content",
      "label": "Text Content",
      "default": "<p>This is a customizable rich text section. You can use it to share meaningful content with your customers.</p>"
    },
    {
      "type": "select",
      "id": "text_align",
      "label": "Text Alignment",
      "default": "center",
      "options": [
        { "value": "left", "label": "Left" },
        { "value": "center", "label": "Center" },
        { "value": "right", "label": "Right" }
      ]
    },
    {
      "type": "checkbox",
      "id": "show_button",
      "label": "Show Button",
      "default": false
    },
    {
      "type": "text",
      "id": "button_text",
      "label": "Button Text",
      "default": "Learn More"
    },
    {
      "type": "url",
      "id": "button_url",
      "label": "Button Link",
      "default": "#"
    }
  ]
}
