{
  "name": "Slideshow",
  "settings": [],
  "blocks": [
    {
      "type": "slide",
      "name": "Slide",
      "settings": [
        { "type": "image", "id": "image", "label": "Background Image" },
        { "type": "text", "id": "title", "label": "Heading" },
        { "type": "text", "id": "subtitle", "label": "Subheading" },
        { "type": "text", "id": "button_text", "label": "Button Text" },
        { "type": "url", "id": "button_link", "label": "Button Link" }
      ]
    }
  ],
  "max_blocks": 5,
  "presets": {
    "default": {
      "name": "Slideshow",
      "blocks": [
        {
          "type": "slide",
          "settings": {
            "image": "/assets/banner1.jpg",
            "title": "New Arrivals",
            "subtitle": "Explore our latest jewelry collection",
            "button_text": "Shop Now",
            "button_link": "/collections/new"
          }
        }
      ]
    }
  }
}
