{
    "sections": {
        "testimonial-slider-mcr5aw4z-stmphnldkq": {
            "type": "testimonial-slider",
            "settings": {
                "title": "Loved by Thousands"
            },
            "blocks": []
        },
        "featured-collection-mcr5aw4z-9kqikr6m7o": {
            "type": "featured-collection",
            "settings": {
                "collection_id": "4",
                "title": "Handpicked Favorites",
                "heading": "hi this for test ",
                "max_products": "32"
            },
            "blocks": []
        },
        "newsletter-mcr5aw4z-14ea5sflogxc": {
            "type": "newsletter",
            "settings": {
                "heading": "Stay in Touch",
                "placeholder": "Enter your email"
            },
            "blocks": []
        },
        "recently-viewed-mcr5aw4z-csd7ju3cp5t": {
            "type": "recently-viewed",
            "settings": [],
            "blocks": []
        },
        "video-banner-mcr5aw4z-6vr3mskwmcl": {
            "type": "video-banner",
            "settings": {
                "heading_text": "oihoir",
                "subheading_text": "rege",
                "badge_text": "rege",
                "show_badge": true,
                "secondary_text": "g",
                "background_type": "undefined"
            },
            "blocks": []
        },
        "promo-grid-mcr5aw4z-8ntj9jmn9fr": {
            "type": "promo-grid",
            "settings": {
                "heading": "Featured Promotions",
                "subheading": "",
                "promos": [
                    {
                        "image": "/assets/promo1.jpg",
                        "title": "Summer Essentials",
                        "subtext": "Up to 40% off",
                        "link": "/collections/summer"
                    },
                    {
                        "image": "/assets/promo2.jpg",
                        "title": "Sterling Rings",
                        "subtext": "Shop handcrafted designs",
                        "link": "/collections/rings"
                    }
                ]
            },
            "blocks": []
        },
        "popup-mcr5aw4z-5m9swezjqeu": {
            "type": "popup",
            "settings": {
                "heading": "Get 10% Off!",
                "subheading": "Subscribe and receive a 10% coupon.",
                "delay_seconds": 3,
                "background_color": "#ffffff",
                "text_color": "#000000"
            },
            "blocks": []
        },
        "hero-banner-mcr5aw4z-fgrmqibhg8o": {
            "type": "hero-banner",
            "settings": {
                "background_image": "",
                "heading": "Your Hero Heading",
                "subheading": "Your supporting text or tagline goes here.",
                "button_text": "Shop Now",
                "button_link": "#",
                "text_color": "#ffffff",
                "text_align": "center",
                "overlay_color": "rgba(0, 0, 0, 0.4)",
                "height": "600px"
            },
            "blocks": []
        },
        "featured-product-mcr5aw4z-jztujq72fw": {
            "type": "featured-product",
            "settings": {
                "product": "1",
                "show_price": true,
                "show_add_to_cart": true
            },
            "blocks": []
        }
    },
    "order": [
        "testimonial-slider-mcr5aw4z-stmphnldkq",
        "featured-collection-mcr5aw4z-9kqikr6m7o",
        "newsletter-mcr5aw4z-14ea5sflogxc",
        "recently-viewed-mcr5aw4z-csd7ju3cp5t",
        "video-banner-mcr5aw4z-6vr3mskwmcl",
        "promo-grid-mcr5aw4z-8ntj9jmn9fr",
        "popup-mcr5aw4z-5m9swezjqeu",
        "hero-banner-mcr5aw4z-fgrmqibhg8o",
        "featured-product-mcr5aw4z-jztujq72fw"
    ]
}