{
    "sections": {
        "testimonial-slider-mculevmd-dobimu1syvl": {
            "type": "testimonial-slider",
            "settings": {
                "title": "Loved by Thousands"
            },
            "blocks": []
        },
        "featured-collection-mculevmd-vit8ga0zt4j": {
            "type": "featured-collection",
            "settings": {
                "collection_id": "1",
                "title": "Handpicked Favorites",
                "heading": "hi this for test ",
                "max_products": "15"
            },
            "blocks": []
        },
        "newsletter-mculevmd-wblockbnmob": {
            "type": "newsletter",
            "settings": {
                "heading": "Stay in Touch",
                "placeholder": "Enter your email"
            },
            "blocks": []
        },
        "recently-viewed-mculevmd-6eie6c3ogru": {
            "type": "recently-viewed",
            "settings": [],
            "blocks": []
        },
        "video-banner-mculevmd-gcy7fjzlutb": {
            "type": "video-banner",
            "settings": {
                "heading_text": "oihoir",
                "subheading_text": "rege",
                "badge_text": "rege",
                "show_badge": true,
                "secondary_text": "g",
                "background_type": "undefined"
            },
            "blocks": []
        },
        "promo-grid-mculevmd-uq5dlc9awd": {
            "type": "promo-grid",
            "settings": {
                "heading": "Featured Promotions",
                "subheading": "",
                "promos": [
                    {
                        "image": "/assets/promo1.jpg",
                        "title": "Summer Essentials",
                        "subtext": "Up to 40% off",
                        "link": "/collections/summer"
                    },
                    {
                        "image": "/assets/promo2.jpg",
                        "title": "Sterling Rings",
                        "subtext": "Shop handcrafted designs",
                        "link": "/collections/rings"
                    }
                ]
            },
            "blocks": []
        },
        "popup-mculevmd-eaefvgkls58": {
            "type": "popup",
            "settings": {
                "heading": "Get 10% Off!",
                "subheading": "Subscribe and receive a 10% coupon.",
                "delay_seconds": 3,
                "background_color": "#ffffff",
                "text_color": "#000000"
            },
            "blocks": []
        },
        "hero-banner-mculevmd-waz98ar5dm": {
            "type": "hero-banner",
            "settings": {
                "background_image": "",
                "heading": "Your Hero Heading",
                "subheading": "Your supporting text or tagline goes here.",
                "button_text": "Shop Now",
                "button_link": "#",
                "text_color": "#ffffff",
                "text_align": "center",
                "overlay_color": "rgba(0, 0, 0, 0.4)",
                "height": "600px"
            },
            "blocks": []
        },
        "featured-product-mculevmd-ah45sr1i2r": {
            "type": "featured-product",
            "settings": {
                "product": "1",
                "show_price": true,
                "show_add_to_cart": true
            },
            "blocks": []
        },
        "announcement-bar-mculen4y-tlf3xqr6sm": {
            "type": "announcement-bar",
            "settings": {
                "tiles": "5",
                "animation_type": "horizontal",
                "animation_speed": 10,
                "animation_direction": "left",
                "background_color": "#000000",
                "text_color": "#ffffff",
                "font_size": "1rem",
                "font_weight": "600",
                "padding": "10px 1rem"
            },
            "blocks": []
        }
    },
    "order": [
        "testimonial-slider-mculevmd-dobimu1syvl",
        "featured-collection-mculevmd-vit8ga0zt4j",
        "newsletter-mculevmd-wblockbnmob",
        "recently-viewed-mculevmd-6eie6c3ogru",
        "video-banner-mculevmd-gcy7fjzlutb",
        "promo-grid-mculevmd-uq5dlc9awd",
        "popup-mculevmd-eaefvgkls58",
        "hero-banner-mculevmd-waz98ar5dm",
        "featured-product-mculevmd-ah45sr1i2r",
        "announcement-bar-mculen4y-tlf3xqr6sm"
    ]
}