{
    "sections": {
        "testimonial-slider-mculdczr-zglrqeuj8lp": {
            "type": "testimonial-slider",
            "settings": {
                "title": "Loved by Thousands"
            },
            "blocks": []
        },
        "featured-collection-mculdczr-hoiufzbvcpr": {
            "type": "featured-collection",
            "settings": {
                "collection_id": "1",
                "title": "Handpicked Favorites",
                "heading": "hi this for test ",
                "max_products": "15"
            },
            "blocks": []
        },
        "newsletter-mculdczr-le2gumxxj5p": {
            "type": "newsletter",
            "settings": {
                "heading": "Stay in Touch",
                "placeholder": "Enter your email"
            },
            "blocks": []
        },
        "recently-viewed-mculdczr-1dy5lgrs1agi": {
            "type": "recently-viewed",
            "settings": [],
            "blocks": []
        },
        "video-banner-mculdczr-h0o5c8tcmga": {
            "type": "video-banner",
            "settings": {
                "heading_text": "oihoir",
                "subheading_text": "rege",
                "badge_text": "rege",
                "show_badge": true,
                "secondary_text": "g",
                "background_type": "undefined"
            },
            "blocks": []
        },
        "promo-grid-mculdczr-9nmmdni4l4s": {
            "type": "promo-grid",
            "settings": {
                "heading": "Featured Promotions",
                "subheading": "",
                "promos": [
                    {
                        "image": "/assets/promo1.jpg",
                        "title": "Summer Essentials",
                        "subtext": "Up to 40% off",
                        "link": "/collections/summer"
                    },
                    {
                        "image": "/assets/promo2.jpg",
                        "title": "Sterling Rings",
                        "subtext": "Shop handcrafted designs",
                        "link": "/collections/rings"
                    }
                ]
            },
            "blocks": []
        },
        "popup-mculdczr-g4bciwed2ye": {
            "type": "popup",
            "settings": {
                "heading": "Get 10% Off!",
                "subheading": "Subscribe and receive a 10% coupon.",
                "delay_seconds": 3,
                "background_color": "#ffffff",
                "text_color": "#000000"
            },
            "blocks": []
        },
        "hero-banner-mculdczr-vwwkybs1fa9": {
            "type": "hero-banner",
            "settings": {
                "background_image": "",
                "heading": "Your Hero Heading",
                "subheading": "Your supporting text or tagline goes here.",
                "button_text": "Shop Now",
                "button_link": "#",
                "text_color": "#ffffff",
                "text_align": "center",
                "overlay_color": "rgba(0, 0, 0, 0.4)",
                "height": "600px"
            },
            "blocks": []
        },
        "featured-product-mculdczr-aivzlpe20hi": {
            "type": "featured-product",
            "settings": {
                "product": "1",
                "show_price": true,
                "show_add_to_cart": true
            },
            "blocks": []
        },
        "announcement-bar-mculctxf-lkza6s469nr": {
            "type": "announcement-bar",
            "settings": {
                "tiles": [
                    {
                        "text": "Welcome to our store!",
                        "background_color": "#000000",
                        "text_color": "#ffffff",
                        "padding": "0 1rem",
                        "font_size": "1rem",
                        "font_weight": "600"
                    }
                ],
                "animation_type": "horizontal",
                "animation_speed": 10,
                "animation_direction": "left",
                "background_color": "#000000",
                "text_color": "#ffffff",
                "font_size": "1rem",
                "font_weight": "600",
                "padding": "10px 1rem"
            },
            "blocks": []
        }
    },
    "order": [
        "testimonial-slider-mculdczr-zglrqeuj8lp",
        "featured-collection-mculdczr-hoiufzbvcpr",
        "newsletter-mculdczr-le2gumxxj5p",
        "recently-viewed-mculdczr-1dy5lgrs1agi",
        "video-banner-mculdczr-h0o5c8tcmga",
        "promo-grid-mculdczr-9nmmdni4l4s",
        "popup-mculdczr-g4bciwed2ye",
        "hero-banner-mculdczr-vwwkybs1fa9",
        "featured-product-mculdczr-aivzlpe20hi",
        "announcement-bar-mculctxf-lkza6s469nr"
    ]
}