{
  "name": "Step Guide",
  "settings": [
    {
      "type": "text",
      "id": "heading",
      "label": "Heading",
      "default": "How It Works"
    },
    {
      "type": "text",
      "id": "subheading",
      "label": "Subheading",
      "default": "Your 3-step journey to get started"
    },
    {
      "type": "list",
      "id": "steps",
      "label": "Steps",
      "item": {
        "type": "object",
        "properties": [
          { "type": "image", "id": "icon", "label": "Step Icon" },
          { "type": "text", "id": "title", "label": "Step Title" },
          { "type": "text", "id": "description", "label": "Step Description" }
        ]
      },
      "default": [
        {
          "icon": "/assets/step1.png",
          "title": "Browse Products",
          "description": "Explore our curated collection of stunning designs."
        },
        {
          "icon": "/assets/step2.png",
          "title": "Place Your Order",
          "description": "Add to cart, choose your shipping & payment method."
        },
        {
          "icon": "/assets/step3.png",
          "title": "Enjoy Your Delivery",
          "description": "Receive your package with care at your doorstep."
        }
      ]
    }
  ]
}
