{
  "name": "Testimonial Slider",
  "settings": [
    {
      "type": "text",
      "id": "heading",
      "label": "Section Heading",
      "default": "What Our Customers Say"
    },
    {
      "type": "list",
      "id": "testimonials",
      "label": "Testimonials",
      "item": {
        "type": "object",
        "properties": [
          { "type": "image", "id": "photo", "label": "Author Photo" },
          { "type": "text", "id": "name", "label": "Author Name" },
          { "type": "text", "id": "title", "label": "Author Title/Role" },
          { "type": "text", "id": "message", "label": "Testimonial Text" },
          {
            "type": "range",
            "id": "rating",
            "label": "Star Rating",
            "default": 5,
            "min": 1,
            "max": 5
          }
        ]
      },
      "default": [
        {
          "photo": "/assets/testimonial1.jpg",
          "name": "Riya Sharma",
          "title": "Verified Buyer",
          "message": "Absolutely love the craftsmanship and sparkle!",
          "rating": 5
        },
        {
          "photo": "/assets/testimonial2.jpg",
          "name": "Amit Verma",
          "title": "Customer",
          "message": "Quick delivery and premium packaging. Very impressed.",
          "rating": 4
        }
      ]
    }
  ],
  "blocks": [
    {
      "type": "testimonial",
      "name": "Testimonial",
      "settings": [
        { "type": "image", "id": "photo", "label": "Author Photo" },
        { "type": "text", "id": "name", "label": "Author Name" },
        { "type": "text", "id": "title", "label": "Author Title/Role" },
        { "type": "text", "id": "message", "label": "Testimonial Text" },
        {
          "type": "range",
          "id": "rating",
          "label": "Star Rating",
          "default": 5,
          "min": 1,
          "max": 5
        }
      ]
    }
  ],
  "max_blocks": 10
}
