{
  "name": "Trust Badges",
  "settings": [
    {
      "type": "range",
      "id": "columns",
      "label": "Number of Columns",
      "min": 2,
      "max": 6,
      "default": 4
    },
    {
      "type": "color",
      "id": "background",
      "label": "Background Color",
      "default": "#f5f5f5"
    },
    {
      "type": "list",
      "id": "badges",
      "label": "Trust Badges",
      "item": {
        "type": "object",
        "properties": [
          { "type": "image", "id": "icon", "label": "Badge Icon" },
          { "type": "text", "id": "label", "label": "Badge Label" }
        ]
      },
      "default": [
        {
          "icon": "/assets/icons/secure.svg",
          "label": "100% Secure Checkout"
        },
        {
          "icon": "/assets/icons/shipping.svg",
          "label": "Free Shipping Over ₹499"
        },
        {
          "icon": "/assets/icons/return.svg",
          "label": "7-Day Easy Returns"
        },
        {
          "icon": "/assets/icons/madein.svg",
          "label": "Made in India"
        }
      ]
    }
  ]
}
