{
    "sections": {
        "testimonial-slider-mcqe1u8z-8pk4kn1q9mp": {
            "type": "testimonial-slider",
            "settings": {
                "title": "Loved by Thousands"
            },
            "blocks": []
        },
        "featured-collection-mcqe1u90-ry8trg1rh2": {
            "type": "featured-collection",
            "settings": {
                "collection_id": "2",
                "title": "Handpicked Favorites",
                "heading": "hi this for test "
            },
            "blocks": []
        },
        "newsletter-mcqe1u90-oxn7kjwb2o": {
            "type": "newsletter",
            "settings": {
                "heading": "Stay in Touch",
                "placeholder": "Enter your email"
            },
            "blocks": []
        },
        "recently-viewed-mcqe1u90-ras5wi0pl37": {
            "type": "recently-viewed",
            "settings": [],
            "blocks": []
        },
        "video-banner-mcqe1u90-tvwxmjxj2vs": {
            "type": "video-banner",
            "settings": {
                "heading_text": "oihoir",
                "subheading_text": "rege",
                "badge_text": "rege",
                "show_badge": true,
                "secondary_text": "g",
                "background_type": "undefined"
            },
            "blocks": []
        },
        "promo-grid-mcqe1u90-zuue8tyfcpj": {
            "type": "promo-grid",
            "settings": {
                "heading": "Featured Promotions",
                "subheading": "",
                "promos": [
                    {
                        "image": "/assets/promo1.jpg",
                        "title": "Summer Essentials",
                        "subtext": "Up to 40% off",
                        "link": "/collections/summer"
                    },
                    {
                        "image": "/assets/promo2.jpg",
                        "title": "Sterling Rings",
                        "subtext": "Shop handcrafted designs",
                        "link": "/collections/rings"
                    }
                ]
            },
            "blocks": []
        },
        "popup-mcqe1u90-ewaoz1jmqxp": {
            "type": "popup",
            "settings": {
                "heading": "Get 10% Off!",
                "subheading": "Subscribe and receive a 10% coupon.",
                "delay_seconds": 3,
                "background_color": "#ffffff",
                "text_color": "#000000"
            },
            "blocks": []
        },
        "hero-banner-mcqe1u90-dxtciamhs64": {
            "type": "hero-banner",
            "settings": {
                "background_image": "",
                "heading": "Your Hero Heading",
                "subheading": "Your supporting text or tagline goes here.",
                "button_text": "Shop Now",
                "button_link": "#",
                "text_color": "#ffffff",
                "text_align": "center",
                "overlay_color": "rgba(0, 0, 0, 0.4)",
                "height": "600px"
            },
            "blocks": []
        },
        "featured-product-mcqe1u90-8c535whbzn9": {
            "type": "featured-product",
            "settings": {
                "product": "1",
                "show_price": true,
                "show_add_to_cart": true
            },
            "blocks": []
        }
    },
    "order": [
        "testimonial-slider-mcqe1u8z-8pk4kn1q9mp",
        "featured-collection-mcqe1u90-ry8trg1rh2",
        "newsletter-mcqe1u90-oxn7kjwb2o",
        "recently-viewed-mcqe1u90-ras5wi0pl37",
        "video-banner-mcqe1u90-tvwxmjxj2vs",
        "promo-grid-mcqe1u90-zuue8tyfcpj",
        "popup-mcqe1u90-ewaoz1jmqxp",
        "hero-banner-mcqe1u90-dxtciamhs64",
        "featured-product-mcqe1u90-8c535whbzn9"
    ]
}