{
    "sections": {
        "testimonial-slider-md1n4ks5-9q7kiqp9rsd": {
            "type": "testimonial-slider",
            "settings": {
                "title": "Loved by Thousands"
            },
            "blocks": []
        },
        "featured-collection-md1n4ks5-4q3ylecw52q": {
            "type": "featured-collection",
            "settings": {
                "collection_id": "1",
                "title": "Handpicked Favorites",
                "heading": "hi this for test ",
                "max_products": "15"
            },
            "blocks": []
        },
        "newsletter-md1n4ks5-tb9o99ov9x": {
            "type": "newsletter",
            "settings": {
                "heading": "Stay in Touch",
                "placeholder": "Enter your email"
            },
            "blocks": []
        },
        "recently-viewed-md1n4ks5-xzv55pe0yd": {
            "type": "recently-viewed",
            "settings": [],
            "blocks": []
        },
        "video-banner-md1n4ks5-mh7as7akj0c": {
            "type": "video-banner",
            "settings": {
                "heading_text": "oihoir",
                "subheading_text": "rege",
                "badge_text": "rege",
                "show_badge": true,
                "secondary_text": "g",
                "background_type": "undefined",
                "heading": ""
            },
            "blocks": []
        },
        "promo-grid-md1n4ks5-qwe7hrnfjh": {
            "type": "promo-grid",
            "settings": {
                "heading": "Featured Promotions",
                "subheading": "",
                "promos": [
                    {
                        "image": "/assets/promo1.jpg",
                        "title": "Summer Essentials",
                        "subtext": "Up to 40% off",
                        "link": "/collections/summer"
                    },
                    {
                        "image": "/assets/promo2.jpg",
                        "title": "Sterling Rings",
                        "subtext": "Shop handcrafted designs",
                        "link": "/collections/rings"
                    }
                ]
            },
            "blocks": []
        },
        "popup-md1n4ks5-tgioza7ym2k": {
            "type": "popup",
            "settings": {
                "heading": "Get 10% Off!",
                "subheading": "Subscribe and receive a 10% coupon.",
                "delay_seconds": 3,
                "background_color": "#ffffff",
                "text_color": "#000000"
            },
            "blocks": []
        },
        "hero-banner-md1n4ks5-t1ww60t7k29": {
            "type": "hero-banner",
            "settings": {
                "background_image": "",
                "heading": "Your Hero Heading",
                "subheading": "Your supporting text or tagline goes here.",
                "button_text": "Shop Now",
                "button_link": "#",
                "text_color": "#ffffff",
                "text_align": "center",
                "overlay_color": "rgba(0, 0, 0, 0.4)",
                "height": "600px"
            },
            "blocks": []
        },
        "featured-product-md1n4ks5-zn8bwv1qe3m": {
            "type": "featured-product",
            "settings": {
                "product": "1",
                "show_price": true,
                "show_add_to_cart": true
            },
            "blocks": []
        }
    },
    "order": [
        "testimonial-slider-md1n4ks5-9q7kiqp9rsd",
        "featured-collection-md1n4ks5-4q3ylecw52q",
        "newsletter-md1n4ks5-tb9o99ov9x",
        "recently-viewed-md1n4ks5-xzv55pe0yd",
        "video-banner-md1n4ks5-mh7as7akj0c",
        "promo-grid-md1n4ks5-qwe7hrnfjh",
        "popup-md1n4ks5-tgioza7ym2k",
        "hero-banner-md1n4ks5-t1ww60t7k29",
        "featured-product-md1n4ks5-zn8bwv1qe3m"
    ]
}