{
  "name": "Breadcrumbs",
  "settings": [
    {
      "type": "checkbox",
      "id": "show_home_icon",
      "label": "Show Home Icon",
      "default": true
    },
    {
      "type": "color",
      "id": "text_color",
      "label": "Text Color",
      "default": "#333333"
    },
    {
      "type": "color",
      "id": "link_color",
      "label": "Link Color",
      "default": "#555555"
    },
    {
      "type": "text",
      "id": "separator",
      "label": "Separator Symbol",
      "default": "›"
    }
  ]
}
