{
  "name": "FAQ Section",
  "settings": [
    {
      "type": "text",
      "id": "heading",
      "label": "Section Heading",
      "default": "Frequently Asked Questions"
    },
    {
      "type": "list",
      "id": "faqs",
      "label": "FAQs",
      "item": {
        "type": "object",
        "properties": [
          {
            "type": "text",
            "id": "question",
            "label": "Question"
          },
          {
            "type": "textarea",
            "id": "answer",
            "label": "Answer"
          }
        ]
      },
      "default": [
        {
          "question": "What is your return policy?",
          "answer": "We offer a 7-day return policy with no questions asked."
        },
        {
          "question": "Is your jewelry real silver?",
          "answer": "Yes, we use 925 sterling silver in all products."
      }
    ],
    "blocks": [
      {
        "type": "faq",
        "name": "FAQ",
        "settings": [
          { "type": "text", "id": "question", "label": "Question" },
          { "type": "textarea", "id": "answer", "label": "Answer" }
        ]
      }
    ],
    "max_blocks": 10
  }
  ]
}
