{
  "name": "Image Gallery",
  "settings": [
    { "type": "text", "id": "heading", "label": "Heading", "default": "Gallery" },
      {
        "type": "list",
        "id": "images",
        "label": "Images",
        "item": {
          "type": "image",
          "label": "Gallery Image"
        }
      }
    ],
    "blocks": [
      {
        "type": "image",
        "name": "Image",
        "settings": [
          { "type": "image", "id": "image", "label": "Image" },
          { "type": "text", "id": "alt_text", "label": "Alt Text" },
          { "type": "text", "id": "caption", "label": "Caption" }
        ]
      }
    ],
    "max_blocks": 10
  }
