{
  "name": "Newsletter Signup",
  "settings": [
    { "type": "text", "id": "heading", "label": "Heading", "default": "Subscribe to our Newsletter" },
    { "type": "textarea", "id": "subheading", "label": "Subheading", "default": "Get special offers, updates, and more." },
    {
      "type": "select",
      "id": "text_align",
      "label": "Text Alignment",
      "default": "center",
      "options": [
        { "value": "left", "label": "Left" },
        { "value": "center", "label": "Center" },
        { "value": "right", "label": "Right" }
      ]
    }
  ]
}
